<?xml version="1.0" encoding="UTF-8"?>
<project-private xmlns="http://www.netbeans.org/ns/project-private/1">
    <editor-bookmarks xmlns="http://www.netbeans.org/ns/editor-bookmarks/2" lastBookmarkId="0"/>
    <open-files xmlns="http://www.netbeans.org/ns/projectui-open-files/2">
        <group>
            <file>file:/C:/Users/Asus/Documents/NetBeansProjects/BranchAndBound/BranchAndBound/src/branchandbound/Main2.java</file>
            <file>file:/C:/Users/Asus/Documents/NetBeansProjects/BranchAndBound/BranchAndBound/src/data/RoadSet2.txt</file>
            <file>file:/C:/Users/Asus/Documents/NetBeansProjects/BranchAndBound/BranchAndBound/src/branchandbound/TestBranchAndBound.java</file>
            <file>file:/C:/Users/Asus/Documents/NetBeansProjects/BranchAndBound/BranchAndBound/src/branchandbound/BranchAndBound.java</file>
            <file>file:/C:/Users/Asus/Documents/NetBeansProjects/BranchAndBound/BranchAndBound/src/branchandbound/GUI.java</file>
            <file>file:/C:/Users/Asus/Documents/NetBeansProjects/BranchAndBound/BranchAndBound/src/branchandbound/Graph.java</file>
            <file>file:/C:/Users/Asus/Documents/NetBeansProjects/BranchAndBound/BranchAndBound/src/branchandbound/RunApp.java</file>
        </group>
    </open-files>
</project-private>
